{
    "loss": 0.28857099637389183,
    "auc": 0.9426877470355731,
    "f1": 0.9110671936758893,
    "accuracy": 0.9111111111111111,
    "report": "              precision    recall  f1-score   support\n\n   injection       0.88      0.95      0.91        22\n       noise       0.95      0.87      0.91        23\n\n    accuracy                           0.91        45\n   macro avg       0.91      0.91      0.91        45\nweighted avg       0.91      0.91      0.91        45\n",
    "fpr": [
        0.0,
        0.0,
        0.0,
        0.045454545454545456,
        0.045454545454545456,
        0.36363636363636365,
        0.36363636363636365,
        0.4090909090909091,
        0.4090909090909091,
        0.45454545454545453,
        0.45454545454545453,
        1.0
    ],
    "tpr": [
        0.0,
        0.043478260869565216,
        0.782608695652174,
        0.782608695652174,
        0.8695652173913043,
        0.8695652173913043,
        0.9130434782608695,
        0.9130434782608695,
        0.9565217391304348,
        0.9565217391304348,
        1.0,
        1.0
    ]
}