{
    "loss": 0.387329152557585,
    "auc": 0.9268774703557312,
    "f1": 0.865,
    "accuracy": 0.8666666666666667,
    "report": "              precision    recall  f1-score   support\n\n   injection       0.79      1.00      0.88        22\n       noise       1.00      0.74      0.85        23\n\n    accuracy                           0.87        45\n   macro avg       0.89      0.87      0.86        45\nweighted avg       0.90      0.87      0.86        45\n",
    "fpr": [
        0.0,
        0.0,
        0.0,
        0.09090909090909091,
        0.09090909090909091,
        0.13636363636363635,
        0.13636363636363635,
        0.22727272727272727,
        0.22727272727272727,
        0.36363636363636365,
        0.36363636363636365,
        0.6363636363636364,
        0.6363636363636364,
        1.0
    ],
    "tpr": [
        0.0,
        0.043478260869565216,
        0.7391304347826086,
        0.7391304347826086,
        0.782608695652174,
        0.782608695652174,
        0.8260869565217391,
        0.8260869565217391,
        0.9130434782608695,
        0.9130434782608695,
        0.9565217391304348,
        0.9565217391304348,
        1.0,
        1.0
    ]
}